--
-- PostgreSQL database dump
--

-- Dumped from database version 17.1 (Postgres.app)
-- Dumped by pg_dump version 17.1 (Postgres.app)

SET statement_timeout = 0;
SET lock_timeout = 0;
SET idle_in_transaction_session_timeout = 0;
SET transaction_timeout = 0;
SET client_encoding = 'UTF8';
SET standard_conforming_strings = on;
SELECT pg_catalog.set_config('search_path', '', false);
SET check_function_bodies = false;
SET xmloption = content;
SET client_min_messages = warning;
SET row_security = off;

SET default_tablespace = '';

SET default_table_access_method = heap;

--
-- Name: auth_group; Type: TABLE; Schema: public; Owner: pepe
--

CREATE TABLE public.auth_group (
    id integer NOT NULL,
    name character varying(150) NOT NULL
);


ALTER TABLE public.auth_group OWNER TO pepe;

--
-- Name: auth_group_id_seq; Type: SEQUENCE; Schema: public; Owner: pepe
--

ALTER TABLE public.auth_group ALTER COLUMN id ADD GENERATED BY DEFAULT AS IDENTITY (
    SEQUENCE NAME public.auth_group_id_seq
    START WITH 1
    INCREMENT BY 1
    NO MINVALUE
    NO MAXVALUE
    CACHE 1
);


--
-- Name: auth_group_permissions; Type: TABLE; Schema: public; Owner: pepe
--

CREATE TABLE public.auth_group_permissions (
    id bigint NOT NULL,
    group_id integer NOT NULL,
    permission_id integer NOT NULL
);


ALTER TABLE public.auth_group_permissions OWNER TO pepe;

--
-- Name: auth_group_permissions_id_seq; Type: SEQUENCE; Schema: public; Owner: pepe
--

ALTER TABLE public.auth_group_permissions ALTER COLUMN id ADD GENERATED BY DEFAULT AS IDENTITY (
    SEQUENCE NAME public.auth_group_permissions_id_seq
    START WITH 1
    INCREMENT BY 1
    NO MINVALUE
    NO MAXVALUE
    CACHE 1
);


--
-- Name: auth_permission; Type: TABLE; Schema: public; Owner: pepe
--

CREATE TABLE public.auth_permission (
    id integer NOT NULL,
    name character varying(255) NOT NULL,
    content_type_id integer NOT NULL,
    codename character varying(100) NOT NULL
);


ALTER TABLE public.auth_permission OWNER TO pepe;

--
-- Name: auth_permission_id_seq; Type: SEQUENCE; Schema: public; Owner: pepe
--

ALTER TABLE public.auth_permission ALTER COLUMN id ADD GENERATED BY DEFAULT AS IDENTITY (
    SEQUENCE NAME public.auth_permission_id_seq
    START WITH 1
    INCREMENT BY 1
    NO MINVALUE
    NO MAXVALUE
    CACHE 1
);


--
-- Name: basket_temp_items; Type: TABLE; Schema: public; Owner: pepe
--

CREATE TABLE public.basket_temp_items (
    id integer NOT NULL,
    cantidad integer NOT NULL,
    precio double precision,
    temp_date timestamp with time zone NOT NULL,
    product_id integer NOT NULL,
    user_id bigint NOT NULL,
    status boolean NOT NULL
);


ALTER TABLE public.basket_temp_items OWNER TO pepe;

--
-- Name: basket_temp_id_seq; Type: SEQUENCE; Schema: public; Owner: pepe
--

ALTER TABLE public.basket_temp_items ALTER COLUMN id ADD GENERATED BY DEFAULT AS IDENTITY (
    SEQUENCE NAME public.basket_temp_id_seq
    START WITH 1
    INCREMENT BY 1
    NO MINVALUE
    NO MAXVALUE
    CACHE 1
);


--
-- Name: company_company; Type: TABLE; Schema: public; Owner: pepe
--

CREATE TABLE public.company_company (
    id bigint NOT NULL,
    direction character varying(255) NOT NULL,
    cif character varying(20) NOT NULL,
    phone integer NOT NULL,
    mail character varying(255) NOT NULL,
    name character varying(255) NOT NULL
);


ALTER TABLE public.company_company OWNER TO pepe;

--
-- Name: company_company_id_seq; Type: SEQUENCE; Schema: public; Owner: pepe
--

ALTER TABLE public.company_company ALTER COLUMN id ADD GENERATED BY DEFAULT AS IDENTITY (
    SEQUENCE NAME public.company_company_id_seq
    START WITH 1
    INCREMENT BY 1
    NO MINVALUE
    NO MAXVALUE
    CACHE 1
);


--
-- Name: django_admin_log; Type: TABLE; Schema: public; Owner: pepe
--

CREATE TABLE public.django_admin_log (
    id integer NOT NULL,
    action_time timestamp with time zone NOT NULL,
    object_id text,
    object_repr character varying(200) NOT NULL,
    action_flag smallint NOT NULL,
    change_message text NOT NULL,
    content_type_id integer,
    user_id bigint NOT NULL,
    CONSTRAINT django_admin_log_action_flag_check CHECK ((action_flag >= 0))
);


ALTER TABLE public.django_admin_log OWNER TO pepe;

--
-- Name: django_admin_log_id_seq; Type: SEQUENCE; Schema: public; Owner: pepe
--

ALTER TABLE public.django_admin_log ALTER COLUMN id ADD GENERATED BY DEFAULT AS IDENTITY (
    SEQUENCE NAME public.django_admin_log_id_seq
    START WITH 1
    INCREMENT BY 1
    NO MINVALUE
    NO MAXVALUE
    CACHE 1
);


--
-- Name: django_content_type; Type: TABLE; Schema: public; Owner: pepe
--

CREATE TABLE public.django_content_type (
    id integer NOT NULL,
    app_label character varying(100) NOT NULL,
    model character varying(100) NOT NULL
);


ALTER TABLE public.django_content_type OWNER TO pepe;

--
-- Name: django_content_type_id_seq; Type: SEQUENCE; Schema: public; Owner: pepe
--

ALTER TABLE public.django_content_type ALTER COLUMN id ADD GENERATED BY DEFAULT AS IDENTITY (
    SEQUENCE NAME public.django_content_type_id_seq
    START WITH 1
    INCREMENT BY 1
    NO MINVALUE
    NO MAXVALUE
    CACHE 1
);


--
-- Name: django_migrations; Type: TABLE; Schema: public; Owner: pepe
--

CREATE TABLE public.django_migrations (
    id bigint NOT NULL,
    app character varying(255) NOT NULL,
    name character varying(255) NOT NULL,
    applied timestamp with time zone NOT NULL
);


ALTER TABLE public.django_migrations OWNER TO pepe;

--
-- Name: django_migrations_id_seq; Type: SEQUENCE; Schema: public; Owner: pepe
--

ALTER TABLE public.django_migrations ALTER COLUMN id ADD GENERATED BY DEFAULT AS IDENTITY (
    SEQUENCE NAME public.django_migrations_id_seq
    START WITH 1
    INCREMENT BY 1
    NO MINVALUE
    NO MAXVALUE
    CACHE 1
);


--
-- Name: django_session; Type: TABLE; Schema: public; Owner: pepe
--

CREATE TABLE public.django_session (
    session_key character varying(40) NOT NULL,
    session_data text NOT NULL,
    expire_date timestamp with time zone NOT NULL
);


ALTER TABLE public.django_session OWNER TO pepe;

--
-- Name: invoice_items; Type: TABLE; Schema: public; Owner: pepe
--

CREATE TABLE public.invoice_items (
    id integer NOT NULL,
    quantity integer NOT NULL,
    price double precision NOT NULL,
    invoice_id integer NOT NULL,
    product_id integer NOT NULL
);


ALTER TABLE public.invoice_items OWNER TO pepe;

--
-- Name: invoice_items_id_seq; Type: SEQUENCE; Schema: public; Owner: pepe
--

ALTER TABLE public.invoice_items ALTER COLUMN id ADD GENERATED BY DEFAULT AS IDENTITY (
    SEQUENCE NAME public.invoice_items_id_seq
    START WITH 1
    INCREMENT BY 1
    NO MINVALUE
    NO MAXVALUE
    CACHE 1
);


--
-- Name: invoices; Type: TABLE; Schema: public; Owner: pepe
--

CREATE TABLE public.invoices (
    id integer NOT NULL,
    date date NOT NULL,
    payment_form character varying(100) NOT NULL,
    neto double precision NOT NULL,
    fk_company bigint NOT NULL,
    fk_type integer NOT NULL,
    fk_user bigint NOT NULL
);


ALTER TABLE public.invoices OWNER TO pepe;

--
-- Name: invoices_id_seq; Type: SEQUENCE; Schema: public; Owner: pepe
--

ALTER TABLE public.invoices ALTER COLUMN id ADD GENERATED BY DEFAULT AS IDENTITY (
    SEQUENCE NAME public.invoices_id_seq
    START WITH 1
    INCREMENT BY 1
    NO MINVALUE
    NO MAXVALUE
    CACHE 1
);


--
-- Name: store_products; Type: TABLE; Schema: public; Owner: pepe
--

CREATE TABLE public.store_products (
    id integer NOT NULL,
    iva double precision NOT NULL,
    category character varying(50) NOT NULL,
    name character varying(100) NOT NULL,
    description character varying(250) NOT NULL,
    image character varying(255) NOT NULL,
    net_price double precision NOT NULL,
    fk_company bigint NOT NULL,
    fk_type integer NOT NULL,
    stock integer NOT NULL,
    amount character varying(100) NOT NULL,
    stock_inicial integer NOT NULL
);


ALTER TABLE public.store_products OWNER TO pepe;

--
-- Name: store_products_id_seq; Type: SEQUENCE; Schema: public; Owner: pepe
--

ALTER TABLE public.store_products ALTER COLUMN id ADD GENERATED BY DEFAULT AS IDENTITY (
    SEQUENCE NAME public.store_products_id_seq
    START WITH 1
    INCREMENT BY 1
    NO MINVALUE
    NO MAXVALUE
    CACHE 1
);


--
-- Name: store_stockmovement; Type: TABLE; Schema: public; Owner: pepe
--

CREATE TABLE public.store_stockmovement (
    id integer NOT NULL,
    movement_type character varying(20) NOT NULL,
    quantity integer NOT NULL,
    previous_stock integer NOT NULL,
    new_stock integer NOT NULL,
    notes text NOT NULL,
    created_at timestamp with time zone NOT NULL,
    product_id integer NOT NULL,
    user_id bigint
);


ALTER TABLE public.store_stockmovement OWNER TO pepe;

--
-- Name: store_stockmovement_id_seq; Type: SEQUENCE; Schema: public; Owner: pepe
--

ALTER TABLE public.store_stockmovement ALTER COLUMN id ADD GENERATED BY DEFAULT AS IDENTITY (
    SEQUENCE NAME public.store_stockmovement_id_seq
    START WITH 1
    INCREMENT BY 1
    NO MINVALUE
    NO MAXVALUE
    CACHE 1
);


--
-- Name: type; Type: TABLE; Schema: public; Owner: pepe
--

CREATE TABLE public.type (
    id integer NOT NULL,
    name_type character varying(30) NOT NULL
);


ALTER TABLE public.type OWNER TO pepe;

--
-- Name: type_id_seq; Type: SEQUENCE; Schema: public; Owner: pepe
--

ALTER TABLE public.type ALTER COLUMN id ADD GENERATED BY DEFAULT AS IDENTITY (
    SEQUENCE NAME public.type_id_seq
    START WITH 1
    INCREMENT BY 1
    NO MINVALUE
    NO MAXVALUE
    CACHE 1
);


--
-- Name: users_user; Type: TABLE; Schema: public; Owner: pepe
--

CREATE TABLE public.users_user (
    id bigint NOT NULL,
    password character varying(128) NOT NULL,
    last_login timestamp with time zone,
    is_superuser boolean NOT NULL,
    username character varying(150) NOT NULL,
    first_name character varying(150) NOT NULL,
    last_name character varying(150) NOT NULL,
    is_staff boolean NOT NULL,
    is_active boolean NOT NULL,
    date_joined timestamp with time zone NOT NULL,
    email character varying(255) NOT NULL,
    roll character varying(50) NOT NULL,
    name character varying(255) NOT NULL,
    active boolean NOT NULL,
    company_id bigint NOT NULL
);


ALTER TABLE public.users_user OWNER TO pepe;

--
-- Name: users_user_groups; Type: TABLE; Schema: public; Owner: pepe
--

CREATE TABLE public.users_user_groups (
    id bigint NOT NULL,
    user_id bigint NOT NULL,
    group_id integer NOT NULL
);


ALTER TABLE public.users_user_groups OWNER TO pepe;

--
-- Name: users_user_groups_id_seq; Type: SEQUENCE; Schema: public; Owner: pepe
--

ALTER TABLE public.users_user_groups ALTER COLUMN id ADD GENERATED BY DEFAULT AS IDENTITY (
    SEQUENCE NAME public.users_user_groups_id_seq
    START WITH 1
    INCREMENT BY 1
    NO MINVALUE
    NO MAXVALUE
    CACHE 1
);


--
-- Name: users_user_id_seq; Type: SEQUENCE; Schema: public; Owner: pepe
--

ALTER TABLE public.users_user ALTER COLUMN id ADD GENERATED BY DEFAULT AS IDENTITY (
    SEQUENCE NAME public.users_user_id_seq
    START WITH 1
    INCREMENT BY 1
    NO MINVALUE
    NO MAXVALUE
    CACHE 1
);


--
-- Name: users_user_user_permissions; Type: TABLE; Schema: public; Owner: pepe
--

CREATE TABLE public.users_user_user_permissions (
    id bigint NOT NULL,
    user_id bigint NOT NULL,
    permission_id integer NOT NULL
);


ALTER TABLE public.users_user_user_permissions OWNER TO pepe;

--
-- Name: users_user_user_permissions_id_seq; Type: SEQUENCE; Schema: public; Owner: pepe
--

ALTER TABLE public.users_user_user_permissions ALTER COLUMN id ADD GENERATED BY DEFAULT AS IDENTITY (
    SEQUENCE NAME public.users_user_user_permissions_id_seq
    START WITH 1
    INCREMENT BY 1
    NO MINVALUE
    NO MAXVALUE
    CACHE 1
);


--
-- Data for Name: auth_group; Type: TABLE DATA; Schema: public; Owner: pepe
--

COPY public.auth_group (id, name) FROM stdin;
\.


--
-- Data for Name: auth_group_permissions; Type: TABLE DATA; Schema: public; Owner: pepe
--

COPY public.auth_group_permissions (id, group_id, permission_id) FROM stdin;
\.


--
-- Data for Name: auth_permission; Type: TABLE DATA; Schema: public; Owner: pepe
--

COPY public.auth_permission (id, name, content_type_id, codename) FROM stdin;
1	Can add user	1	add_user
2	Can change user	1	change_user
3	Can delete user	1	delete_user
4	Can view user	1	view_user
5	Can add company	2	add_company
6	Can change company	2	change_company
7	Can delete company	2	delete_company
8	Can view company	2	view_company
9	Can add Producto	3	add_storeproduct
10	Can change Producto	3	change_storeproduct
11	Can delete Producto	3	delete_storeproduct
12	Can view Producto	3	view_storeproduct
13	Can add Movimiento de Stock	4	add_stockmovement
14	Can change Movimiento de Stock	4	change_stockmovement
15	Can delete Movimiento de Stock	4	delete_stockmovement
16	Can view Movimiento de Stock	4	view_stockmovement
17	Can add Factura	5	add_invoice
18	Can change Factura	5	change_invoice
19	Can delete Factura	5	delete_invoice
20	Can view Factura	5	view_invoice
21	Can add Detalle de factura	6	add_invoiceitem
22	Can change Detalle de factura	6	change_invoiceitem
23	Can delete Detalle de factura	6	delete_invoiceitem
24	Can view Detalle de factura	6	view_invoiceitem
25	Can add Item de cesta temporal	7	add_baskettemp
26	Can change Item de cesta temporal	7	change_baskettemp
27	Can delete Item de cesta temporal	7	delete_baskettemp
28	Can view Item de cesta temporal	7	view_baskettemp
29	Can add Tipo de comercio	8	add_type
30	Can change Tipo de comercio	8	change_type
31	Can delete Tipo de comercio	8	delete_type
32	Can view Tipo de comercio	8	view_type
33	Can add log entry	9	add_logentry
34	Can change log entry	9	change_logentry
35	Can delete log entry	9	delete_logentry
36	Can view log entry	9	view_logentry
37	Can add permission	10	add_permission
38	Can change permission	10	change_permission
39	Can delete permission	10	delete_permission
40	Can view permission	10	view_permission
41	Can add group	11	add_group
42	Can change group	11	change_group
43	Can delete group	11	delete_group
44	Can view group	11	view_group
45	Can add content type	12	add_contenttype
46	Can change content type	12	change_contenttype
47	Can delete content type	12	delete_contenttype
48	Can view content type	12	view_contenttype
49	Can add session	13	add_session
50	Can change session	13	change_session
51	Can delete session	13	delete_session
52	Can view session	13	view_session
\.


--
-- Data for Name: basket_temp_items; Type: TABLE DATA; Schema: public; Owner: pepe
--

COPY public.basket_temp_items (id, cantidad, precio, temp_date, product_id, user_id, status) FROM stdin;
\.


--
-- Data for Name: company_company; Type: TABLE DATA; Schema: public; Owner: pepe
--

COPY public.company_company (id, direction, cif, phone, mail, name) FROM stdin;
1	Calle Principal 123	B12345678	123456789	info@miempresa.com	Mi Empresa
\.


--
-- Data for Name: django_admin_log; Type: TABLE DATA; Schema: public; Owner: pepe
--

COPY public.django_admin_log (id, action_time, object_id, object_repr, action_flag, change_message, content_type_id, user_id) FROM stdin;
1	2025-03-05 19:25:37.334314+01	1	Eccommerce	1	[{"added": {}}]	8	1
2	2025-03-05 19:37:07.012823+01	1	212	1	[{"added": {}}]	3	1
3	2025-03-05 19:44:00.694057+01	2	juan@email.com	1	[{"added": {}}]	1	1
4	2025-03-05 20:17:01.990141+01	2	juan@email.com	3		1	1
5	2025-03-05 20:19:22.086744+01	5	juan@delicate.com	1	[{"added": {}}]	1	1
6	2025-03-05 20:59:26.896914+01	1	212	2	[{"changed": {"fields": ["Image"]}}]	3	1
7	2025-03-05 21:48:59.83123+01	1	212	2	[{"changed": {"fields": ["Image"]}}]	3	1
8	2025-03-05 21:52:27.491396+01	1	212	2	[{"changed": {"fields": ["Image"]}}]	3	1
9	2025-03-05 21:54:07.406842+01	1	212	2	[{"changed": {"fields": ["Image"]}}]	3	1
\.


--
-- Data for Name: django_content_type; Type: TABLE DATA; Schema: public; Owner: pepe
--

COPY public.django_content_type (id, app_label, model) FROM stdin;
1	users	user
2	company	company
3	store	storeproduct
4	store	stockmovement
5	invoices	invoice
6	invoices	invoiceitem
7	basket	baskettemp
8	type	type
9	admin	logentry
10	auth	permission
11	auth	group
12	contenttypes	contenttype
13	sessions	session
\.


--
-- Data for Name: django_migrations; Type: TABLE DATA; Schema: public; Owner: pepe
--

COPY public.django_migrations (id, app, name, applied) FROM stdin;
1	company	0001_initial	2025-03-05 18:58:35.906314+01
2	contenttypes	0001_initial	2025-03-05 18:58:35.91567+01
3	contenttypes	0002_remove_content_type_name	2025-03-05 18:58:35.921912+01
4	auth	0001_initial	2025-03-05 18:58:35.965783+01
5	auth	0002_alter_permission_name_max_length	2025-03-05 18:58:35.976563+01
6	auth	0003_alter_user_email_max_length	2025-03-05 18:58:35.986795+01
7	auth	0004_alter_user_username_opts	2025-03-05 18:58:35.998189+01
8	auth	0005_alter_user_last_login_null	2025-03-05 18:58:36.013968+01
9	auth	0006_require_contenttypes_0002	2025-03-05 18:58:36.017176+01
10	auth	0007_alter_validators_add_error_messages	2025-03-05 18:58:36.027702+01
11	auth	0008_alter_user_username_max_length	2025-03-05 18:58:36.038497+01
12	auth	0009_alter_user_last_name_max_length	2025-03-05 18:58:36.045798+01
13	auth	0010_alter_group_name_max_length	2025-03-05 18:58:36.058653+01
14	auth	0011_update_proxy_permissions	2025-03-05 18:58:36.068869+01
15	auth	0012_alter_user_first_name_max_length	2025-03-05 18:58:36.077539+01
16	users	0001_initial	2025-03-05 18:58:36.128064+01
17	admin	0001_initial	2025-03-05 18:58:36.145743+01
18	admin	0002_logentry_remove_auto_add	2025-03-05 18:58:36.155194+01
19	admin	0003_logentry_add_action_flag_choices	2025-03-05 18:58:36.165088+01
20	admin	0004_fix_admin_log_references	2025-03-05 18:58:36.166153+01
21	type	0001_initial	2025-03-05 18:58:36.170678+01
24	basket	0002_initial	2025-03-05 18:58:36.219792+01
25	basket	0003_alter_baskettemp_product_id_alter_baskettemp_user_id_and_more	2025-03-05 18:58:36.249377+01
26	basket	0004_alter_baskettemp_options_alter_baskettemp_temp_date	2025-03-05 18:58:36.265246+01
27	basket	0005_alter_baskettemp_precio	2025-03-05 18:58:36.275302+01
28	basket	0006_alter_baskettemp_precio	2025-03-05 18:58:36.288655+01
29	basket	0007_baskettemp_status_alter_baskettemp_precio	2025-03-05 18:58:36.313165+01
30	company	0002_company_name	2025-03-05 18:58:36.321346+01
38	sessions	0001_initial	2025-03-05 18:58:36.456188+01
43	type	0002_auto_20250303_1418	2025-03-05 19:10:53.444912+01
44	users	0002_alter_user_managers	2025-03-05 19:11:30.666388+01
45	users	0003_fix_admin_log_user_references	2025-03-05 19:11:30.667556+01
46	users	0004_fix_empty_usernames	2025-03-05 19:11:30.668176+01
\.


--
-- Data for Name: django_session; Type: TABLE DATA; Schema: public; Owner: pepe
--

COPY public.django_session (session_key, session_data, expire_date) FROM stdin;
8kmakj5ezaz08d1gmwqeb8r73a9svbfs	.eJxVjEEOwiAQRe_C2hDIUKEu3XsGMswMUjU0Ke3KeHdp0oVu33v_v1XEbS1xa7LEidVFWXX6ZQnpKXUX_MB6nzXNdV2mpPdEH7bp28zyuh7t30HBVvqazCDeokc0fhAy5EyGUYDzGTrLDhmIRysJWJLv3gUJOQdnxYNN6vMFBqg44A:1tptQE:q7V2sG_VaN1M8xCSXGXsJG_0mDoDvIxLpK7WgWhkGvY	2025-03-19 19:24:46.514193+01
2hup99x394gn8hzkyspngwvyi8sas4a3	.eJxVjEEOwiAQRe_C2hDIUKEu3XsGMswMUjU0Ke3KeHdp0oVu33v_v1XEbS1xa7LEidVFWXX6ZQnpKXUX_MB6nzXNdV2mpPdEH7bp28zyuh7t30HBVvqazCDeokc0fhAy5EyGUYDzGTrLDhmIRysJWJLv3gUJOQdnxYNN6vMFBqg44A:1tptuX:AU_62z4f5wjnm6x9b8EFwiM6SmwHpkKmmNRmy_Z0azI	2025-03-19 19:56:05.572369+01
a4vq6zxlr06qcjs44e3o0tveg6o54j54	.eJxVjLsOAiEURP-F2hBeXsDS3m8glwvIqoFk2a2M_-5usoU2U8w5M28WcF1qWEeew5TYhUl2-u0i0jO3HaQHtnvn1NsyT5HvCj_o4Lee8ut6uH8HFUfd1metFZDe0rqSbBGZXAYCb5wBo4wQ5F0UJKTXVhf0NiuLEGNSUrsI7PMFt-c26w:1tqAAE:-h4Xw4f7FwRAR8x2BxYGsGVkehDfneay6c5w3hXh6J8	2025-03-20 13:17:22.462727+01
afeu6woib3i3w0ujhflcejnjxhnw1tuv	.eJxVjLsOAiEURP-F2hBeXsDS3m8glwvIqoFk2a2M_-5usoU2U8w5M28WcF1qWEeew5TYhUl2-u0i0jO3HaQHtnvn1NsyT5HvCj_o4Lee8ut6uH8HFUfd1metFZDe0rqSbBGZXAYCb5wBo4wQ5F0UJKTXVhf0NiuLEGNSUrsI7PMFt-c26w:1tqAy1:8rHE93vVCnSW_A9BhTkddi2u8vBbI1zJeGbNlFjjrXQ	2025-03-20 14:08:49.653811+01
5pc79l2tdjhj9718vzrdqas108wilxyt	.eJxVjLsOAiEURP-F2hBeXsDS3m8glwvIqoFk2a2M_-5usoU2U8w5M28WcF1qWEeew5TYhUl2-u0i0jO3HaQHtnvn1NsyT5HvCj_o4Lee8ut6uH8HFUfd1metFZDe0rqSbBGZXAYCb5wBo4wQ5F0UJKTXVhf0NiuLEGNSUrsI7PMFt-c26w:1tqB0K:b4Jx_beWedtPW5a-Wn9gpsFr8VauCKwkj6g-zNbWkaI	2025-03-20 14:11:12.279363+01
sxxvcmm8ptcwca1enozfmqllu7mgpjeg	.eJxVjLsOAiEURP-F2hBeXsDS3m8glwvIqoFk2a2M_-5usoU2U8w5M28WcF1qWEeew5TYhUl2-u0i0jO3HaQHtnvn1NsyT5HvCj_o4Lee8ut6uH8HFUfd1metFZDe0rqSbBGZXAYCb5wBo4wQ5F0UJKTXVhf0NiuLEGNSUrsI7PMFt-c26w:1tqBGf:NWIjcBTFO8GadFrxtbSHe8mfcpWAYFhMuTQEbl6DlZ0	2025-03-20 14:28:05.169557+01
ovluhx98kt8l6zbsooij0ujh0u6h1uhn	.eJxVjLsOAiEURP-F2hBeXsDS3m8glwvIqoFk2a2M_-5usoU2U8w5M28WcF1qWEeew5TYhUl2-u0i0jO3HaQHtnvn1NsyT5HvCj_o4Lee8ut6uH8HFUfd1metFZDe0rqSbBGZXAYCb5wBo4wQ5F0UJKTXVhf0NiuLEGNSUrsI7PMFt-c26w:1tqC0X:SM64DAKWzLH7A1IIbnXyE9lXwaJKuhzmiv2_cEX5tk4	2025-03-20 15:15:29.809307+01
\.


--
-- Data for Name: invoice_items; Type: TABLE DATA; Schema: public; Owner: pepe
--

COPY public.invoice_items (id, quantity, price, invoice_id, product_id) FROM stdin;
\.


--
-- Data for Name: invoices; Type: TABLE DATA; Schema: public; Owner: pepe
--

COPY public.invoices (id, date, payment_form, neto, fk_company, fk_type, fk_user) FROM stdin;
\.


--
-- Data for Name: store_products; Type: TABLE DATA; Schema: public; Owner: pepe
--

COPY public.store_products (id, iva, category, name, description, image, net_price, fk_company, fk_type, stock, amount, stock_inicial) FROM stdin;
1	21	123412	212	13212	image/upload/v1741208046/hs5mw3hbutqdidipiagj.jpg	123	1	1	23		0
\.


--
-- Data for Name: store_stockmovement; Type: TABLE DATA; Schema: public; Owner: pepe
--

COPY public.store_stockmovement (id, movement_type, quantity, previous_stock, new_stock, notes, created_at, product_id, user_id) FROM stdin;
1	initial	0	0	0	Stock inicial al crear el producto	2025-03-05 19:37:07.00834+01	1	1
2	add	23	0	23	2123123	2025-03-05 19:37:07.012074+01	1	1
\.


--
-- Data for Name: type; Type: TABLE DATA; Schema: public; Owner: pepe
--

COPY public.type (id, name_type) FROM stdin;
1	Eccommerce
\.


--
-- Data for Name: users_user; Type: TABLE DATA; Schema: public; Owner: pepe
--

COPY public.users_user (id, password, last_login, is_superuser, username, first_name, last_name, is_staff, is_active, date_joined, email, roll, name, active, company_id) FROM stdin;
5	pbkdf2_sha256$870000$5TZHEpPaRpD4BK0BFufAX0$JJ+O9jTLVOVyxt+xwfYCepDfTKke6NbRjoG7gLL08i8=	\N	f	juan			f	t	2025-03-05 20:19:21.473826+01	juan@delicate.com	admin	juan	t	1
1	pbkdf2_sha256$870000$FkY0kWXCqyH9IOmv7wIGbR$3Bf6sGc0oq8BufS+nlnnb9cX4oV+LR8NdPg039XHEFg=	2025-03-06 15:15:29.806922+01	t	pepe			t	t	2025-03-05 19:24:03.413969+01	jorsqn@gmail.com	admin	pepe	t	1
\.


--
-- Data for Name: users_user_groups; Type: TABLE DATA; Schema: public; Owner: pepe
--

COPY public.users_user_groups (id, user_id, group_id) FROM stdin;
\.


--
-- Data for Name: users_user_user_permissions; Type: TABLE DATA; Schema: public; Owner: pepe
--

COPY public.users_user_user_permissions (id, user_id, permission_id) FROM stdin;
\.


--
-- Name: auth_group_id_seq; Type: SEQUENCE SET; Schema: public; Owner: pepe
--

SELECT pg_catalog.setval('public.auth_group_id_seq', 1, false);


--
-- Name: auth_group_permissions_id_seq; Type: SEQUENCE SET; Schema: public; Owner: pepe
--

SELECT pg_catalog.setval('public.auth_group_permissions_id_seq', 1, false);


--
-- Name: auth_permission_id_seq; Type: SEQUENCE SET; Schema: public; Owner: pepe
--

SELECT pg_catalog.setval('public.auth_permission_id_seq', 52, true);


--
-- Name: basket_temp_id_seq; Type: SEQUENCE SET; Schema: public; Owner: pepe
--

SELECT pg_catalog.setval('public.basket_temp_id_seq', 1, false);


--
-- Name: company_company_id_seq; Type: SEQUENCE SET; Schema: public; Owner: pepe
--

SELECT pg_catalog.setval('public.company_company_id_seq', 2, true);


--
-- Name: django_admin_log_id_seq; Type: SEQUENCE SET; Schema: public; Owner: pepe
--

SELECT pg_catalog.setval('public.django_admin_log_id_seq', 9, true);


--
-- Name: django_content_type_id_seq; Type: SEQUENCE SET; Schema: public; Owner: pepe
--

SELECT pg_catalog.setval('public.django_content_type_id_seq', 13, true);


--
-- Name: django_migrations_id_seq; Type: SEQUENCE SET; Schema: public; Owner: pepe
--

SELECT pg_catalog.setval('public.django_migrations_id_seq', 47, true);


--
-- Name: invoice_items_id_seq; Type: SEQUENCE SET; Schema: public; Owner: pepe
--

SELECT pg_catalog.setval('public.invoice_items_id_seq', 1, false);


--
-- Name: invoices_id_seq; Type: SEQUENCE SET; Schema: public; Owner: pepe
--

SELECT pg_catalog.setval('public.invoices_id_seq', 1, false);


--
-- Name: store_products_id_seq; Type: SEQUENCE SET; Schema: public; Owner: pepe
--

SELECT pg_catalog.setval('public.store_products_id_seq', 1, true);


--
-- Name: store_stockmovement_id_seq; Type: SEQUENCE SET; Schema: public; Owner: pepe
--

SELECT pg_catalog.setval('public.store_stockmovement_id_seq', 2, true);


--
-- Name: type_id_seq; Type: SEQUENCE SET; Schema: public; Owner: pepe
--

SELECT pg_catalog.setval('public.type_id_seq', 1, true);


--
-- Name: users_user_groups_id_seq; Type: SEQUENCE SET; Schema: public; Owner: pepe
--

SELECT pg_catalog.setval('public.users_user_groups_id_seq', 1, false);


--
-- Name: users_user_id_seq; Type: SEQUENCE SET; Schema: public; Owner: pepe
--

SELECT pg_catalog.setval('public.users_user_id_seq', 5, true);


--
-- Name: users_user_user_permissions_id_seq; Type: SEQUENCE SET; Schema: public; Owner: pepe
--

SELECT pg_catalog.setval('public.users_user_user_permissions_id_seq', 1, false);


--
-- Name: auth_group auth_group_name_key; Type: CONSTRAINT; Schema: public; Owner: pepe
--

ALTER TABLE ONLY public.auth_group
    ADD CONSTRAINT auth_group_name_key UNIQUE (name);


--
-- Name: auth_group_permissions auth_group_permissions_group_id_permission_id_0cd325b0_uniq; Type: CONSTRAINT; Schema: public; Owner: pepe
--

ALTER TABLE ONLY public.auth_group_permissions
    ADD CONSTRAINT auth_group_permissions_group_id_permission_id_0cd325b0_uniq UNIQUE (group_id, permission_id);


--
-- Name: auth_group_permissions auth_group_permissions_pkey; Type: CONSTRAINT; Schema: public; Owner: pepe
--

ALTER TABLE ONLY public.auth_group_permissions
    ADD CONSTRAINT auth_group_permissions_pkey PRIMARY KEY (id);


--
-- Name: auth_group auth_group_pkey; Type: CONSTRAINT; Schema: public; Owner: pepe
--

ALTER TABLE ONLY public.auth_group
    ADD CONSTRAINT auth_group_pkey PRIMARY KEY (id);


--
-- Name: auth_permission auth_permission_content_type_id_codename_01ab375a_uniq; Type: CONSTRAINT; Schema: public; Owner: pepe
--

ALTER TABLE ONLY public.auth_permission
    ADD CONSTRAINT auth_permission_content_type_id_codename_01ab375a_uniq UNIQUE (content_type_id, codename);


--
-- Name: auth_permission auth_permission_pkey; Type: CONSTRAINT; Schema: public; Owner: pepe
--

ALTER TABLE ONLY public.auth_permission
    ADD CONSTRAINT auth_permission_pkey PRIMARY KEY (id);


--
-- Name: basket_temp_items basket_temp_pkey; Type: CONSTRAINT; Schema: public; Owner: pepe
--

ALTER TABLE ONLY public.basket_temp_items
    ADD CONSTRAINT basket_temp_pkey PRIMARY KEY (id);


--
-- Name: company_company company_company_cif_key; Type: CONSTRAINT; Schema: public; Owner: pepe
--

ALTER TABLE ONLY public.company_company
    ADD CONSTRAINT company_company_cif_key UNIQUE (cif);


--
-- Name: company_company company_company_pkey; Type: CONSTRAINT; Schema: public; Owner: pepe
--

ALTER TABLE ONLY public.company_company
    ADD CONSTRAINT company_company_pkey PRIMARY KEY (id);


--
-- Name: django_admin_log django_admin_log_pkey; Type: CONSTRAINT; Schema: public; Owner: pepe
--

ALTER TABLE ONLY public.django_admin_log
    ADD CONSTRAINT django_admin_log_pkey PRIMARY KEY (id);


--
-- Name: django_content_type django_content_type_app_label_model_76bd3d3b_uniq; Type: CONSTRAINT; Schema: public; Owner: pepe
--

ALTER TABLE ONLY public.django_content_type
    ADD CONSTRAINT django_content_type_app_label_model_76bd3d3b_uniq UNIQUE (app_label, model);


--
-- Name: django_content_type django_content_type_pkey; Type: CONSTRAINT; Schema: public; Owner: pepe
--

ALTER TABLE ONLY public.django_content_type
    ADD CONSTRAINT django_content_type_pkey PRIMARY KEY (id);


--
-- Name: django_migrations django_migrations_pkey; Type: CONSTRAINT; Schema: public; Owner: pepe
--

ALTER TABLE ONLY public.django_migrations
    ADD CONSTRAINT django_migrations_pkey PRIMARY KEY (id);


--
-- Name: django_session django_session_pkey; Type: CONSTRAINT; Schema: public; Owner: pepe
--

ALTER TABLE ONLY public.django_session
    ADD CONSTRAINT django_session_pkey PRIMARY KEY (session_key);


--
-- Name: invoice_items invoice_items_pkey; Type: CONSTRAINT; Schema: public; Owner: pepe
--

ALTER TABLE ONLY public.invoice_items
    ADD CONSTRAINT invoice_items_pkey PRIMARY KEY (id);


--
-- Name: invoices invoices_pkey; Type: CONSTRAINT; Schema: public; Owner: pepe
--

ALTER TABLE ONLY public.invoices
    ADD CONSTRAINT invoices_pkey PRIMARY KEY (id);


--
-- Name: store_products store_products_pkey; Type: CONSTRAINT; Schema: public; Owner: pepe
--

ALTER TABLE ONLY public.store_products
    ADD CONSTRAINT store_products_pkey PRIMARY KEY (id);


--
-- Name: store_stockmovement store_stockmovement_pkey; Type: CONSTRAINT; Schema: public; Owner: pepe
--

ALTER TABLE ONLY public.store_stockmovement
    ADD CONSTRAINT store_stockmovement_pkey PRIMARY KEY (id);


--
-- Name: type type_pkey; Type: CONSTRAINT; Schema: public; Owner: pepe
--

ALTER TABLE ONLY public.type
    ADD CONSTRAINT type_pkey PRIMARY KEY (id);


--
-- Name: users_user users_user_email_key; Type: CONSTRAINT; Schema: public; Owner: pepe
--

ALTER TABLE ONLY public.users_user
    ADD CONSTRAINT users_user_email_key UNIQUE (email);


--
-- Name: users_user_groups users_user_groups_pkey; Type: CONSTRAINT; Schema: public; Owner: pepe
--

ALTER TABLE ONLY public.users_user_groups
    ADD CONSTRAINT users_user_groups_pkey PRIMARY KEY (id);


--
-- Name: users_user_groups users_user_groups_user_id_group_id_b88eab82_uniq; Type: CONSTRAINT; Schema: public; Owner: pepe
--

ALTER TABLE ONLY public.users_user_groups
    ADD CONSTRAINT users_user_groups_user_id_group_id_b88eab82_uniq UNIQUE (user_id, group_id);


--
-- Name: users_user users_user_pkey; Type: CONSTRAINT; Schema: public; Owner: pepe
--

ALTER TABLE ONLY public.users_user
    ADD CONSTRAINT users_user_pkey PRIMARY KEY (id);


--
-- Name: users_user_user_permissions users_user_user_permissions_pkey; Type: CONSTRAINT; Schema: public; Owner: pepe
--

ALTER TABLE ONLY public.users_user_user_permissions
    ADD CONSTRAINT users_user_user_permissions_pkey PRIMARY KEY (id);


--
-- Name: users_user_user_permissions users_user_user_permissions_user_id_permission_id_43338c45_uniq; Type: CONSTRAINT; Schema: public; Owner: pepe
--

ALTER TABLE ONLY public.users_user_user_permissions
    ADD CONSTRAINT users_user_user_permissions_user_id_permission_id_43338c45_uniq UNIQUE (user_id, permission_id);


--
-- Name: users_user users_user_username_key; Type: CONSTRAINT; Schema: public; Owner: pepe
--

ALTER TABLE ONLY public.users_user
    ADD CONSTRAINT users_user_username_key UNIQUE (username);


--
-- Name: auth_group_name_a6ea08ec_like; Type: INDEX; Schema: public; Owner: pepe
--

CREATE INDEX auth_group_name_a6ea08ec_like ON public.auth_group USING btree (name varchar_pattern_ops);


--
-- Name: auth_group_permissions_group_id_b120cbf9; Type: INDEX; Schema: public; Owner: pepe
--

CREATE INDEX auth_group_permissions_group_id_b120cbf9 ON public.auth_group_permissions USING btree (group_id);


--
-- Name: auth_group_permissions_permission_id_84c5c92e; Type: INDEX; Schema: public; Owner: pepe
--

CREATE INDEX auth_group_permissions_permission_id_84c5c92e ON public.auth_group_permissions USING btree (permission_id);


--
-- Name: auth_permission_content_type_id_2f476e4b; Type: INDEX; Schema: public; Owner: pepe
--

CREATE INDEX auth_permission_content_type_id_2f476e4b ON public.auth_permission USING btree (content_type_id);


--
-- Name: basket_temp_product_id_bea23c03; Type: INDEX; Schema: public; Owner: pepe
--

CREATE INDEX basket_temp_product_id_bea23c03 ON public.basket_temp_items USING btree (product_id);


--
-- Name: basket_temp_user_id_5f9bcb21; Type: INDEX; Schema: public; Owner: pepe
--

CREATE INDEX basket_temp_user_id_5f9bcb21 ON public.basket_temp_items USING btree (user_id);


--
-- Name: company_company_cif_6f02d4f4_like; Type: INDEX; Schema: public; Owner: pepe
--

CREATE INDEX company_company_cif_6f02d4f4_like ON public.company_company USING btree (cif varchar_pattern_ops);


--
-- Name: django_admin_log_content_type_id_c4bce8eb; Type: INDEX; Schema: public; Owner: pepe
--

CREATE INDEX django_admin_log_content_type_id_c4bce8eb ON public.django_admin_log USING btree (content_type_id);


--
-- Name: django_admin_log_user_id_c564eba6; Type: INDEX; Schema: public; Owner: pepe
--

CREATE INDEX django_admin_log_user_id_c564eba6 ON public.django_admin_log USING btree (user_id);


--
-- Name: django_session_expire_date_a5c62663; Type: INDEX; Schema: public; Owner: pepe
--

CREATE INDEX django_session_expire_date_a5c62663 ON public.django_session USING btree (expire_date);


--
-- Name: django_session_session_key_c0390e0f_like; Type: INDEX; Schema: public; Owner: pepe
--

CREATE INDEX django_session_session_key_c0390e0f_like ON public.django_session USING btree (session_key varchar_pattern_ops);


--
-- Name: invoice_items_invoice_id_96f0ca2d; Type: INDEX; Schema: public; Owner: pepe
--

CREATE INDEX invoice_items_invoice_id_96f0ca2d ON public.invoice_items USING btree (invoice_id);


--
-- Name: invoice_items_product_id_53181905; Type: INDEX; Schema: public; Owner: pepe
--

CREATE INDEX invoice_items_product_id_53181905 ON public.invoice_items USING btree (product_id);


--
-- Name: invoices_fk_company_fda00389; Type: INDEX; Schema: public; Owner: pepe
--

CREATE INDEX invoices_fk_company_fda00389 ON public.invoices USING btree (fk_company);


--
-- Name: invoices_fk_type_efdabfb4; Type: INDEX; Schema: public; Owner: pepe
--

CREATE INDEX invoices_fk_type_efdabfb4 ON public.invoices USING btree (fk_type);


--
-- Name: invoices_fk_user_f1c7fe58; Type: INDEX; Schema: public; Owner: pepe
--

CREATE INDEX invoices_fk_user_f1c7fe58 ON public.invoices USING btree (fk_user);


--
-- Name: store_products_fk_company_08e8c57a; Type: INDEX; Schema: public; Owner: pepe
--

CREATE INDEX store_products_fk_company_08e8c57a ON public.store_products USING btree (fk_company);


--
-- Name: store_products_fk_type_d6ec10ff; Type: INDEX; Schema: public; Owner: pepe
--

CREATE INDEX store_products_fk_type_d6ec10ff ON public.store_products USING btree (fk_type);


--
-- Name: store_stockmovement_product_id_8a5cdce0; Type: INDEX; Schema: public; Owner: pepe
--

CREATE INDEX store_stockmovement_product_id_8a5cdce0 ON public.store_stockmovement USING btree (product_id);


--
-- Name: store_stockmovement_user_id_d290c243; Type: INDEX; Schema: public; Owner: pepe
--

CREATE INDEX store_stockmovement_user_id_d290c243 ON public.store_stockmovement USING btree (user_id);


--
-- Name: users_user_company_id_14799323; Type: INDEX; Schema: public; Owner: pepe
--

CREATE INDEX users_user_company_id_14799323 ON public.users_user USING btree (company_id);


--
-- Name: users_user_email_243f6e77_like; Type: INDEX; Schema: public; Owner: pepe
--

CREATE INDEX users_user_email_243f6e77_like ON public.users_user USING btree (email varchar_pattern_ops);


--
-- Name: users_user_groups_group_id_9afc8d0e; Type: INDEX; Schema: public; Owner: pepe
--

CREATE INDEX users_user_groups_group_id_9afc8d0e ON public.users_user_groups USING btree (group_id);


--
-- Name: users_user_groups_user_id_5f6f5a90; Type: INDEX; Schema: public; Owner: pepe
--

CREATE INDEX users_user_groups_user_id_5f6f5a90 ON public.users_user_groups USING btree (user_id);


--
-- Name: users_user_user_permissions_permission_id_0b93982e; Type: INDEX; Schema: public; Owner: pepe
--

CREATE INDEX users_user_user_permissions_permission_id_0b93982e ON public.users_user_user_permissions USING btree (permission_id);


--
-- Name: users_user_user_permissions_user_id_20aca447; Type: INDEX; Schema: public; Owner: pepe
--

CREATE INDEX users_user_user_permissions_user_id_20aca447 ON public.users_user_user_permissions USING btree (user_id);


--
-- Name: users_user_username_06e46fe6_like; Type: INDEX; Schema: public; Owner: pepe
--

CREATE INDEX users_user_username_06e46fe6_like ON public.users_user USING btree (username varchar_pattern_ops);


--
-- Name: auth_group_permissions auth_group_permissio_permission_id_84c5c92e_fk_auth_perm; Type: FK CONSTRAINT; Schema: public; Owner: pepe
--

ALTER TABLE ONLY public.auth_group_permissions
    ADD CONSTRAINT auth_group_permissio_permission_id_84c5c92e_fk_auth_perm FOREIGN KEY (permission_id) REFERENCES public.auth_permission(id) DEFERRABLE INITIALLY DEFERRED;


--
-- Name: auth_group_permissions auth_group_permissions_group_id_b120cbf9_fk_auth_group_id; Type: FK CONSTRAINT; Schema: public; Owner: pepe
--

ALTER TABLE ONLY public.auth_group_permissions
    ADD CONSTRAINT auth_group_permissions_group_id_b120cbf9_fk_auth_group_id FOREIGN KEY (group_id) REFERENCES public.auth_group(id) DEFERRABLE INITIALLY DEFERRED;


--
-- Name: auth_permission auth_permission_content_type_id_2f476e4b_fk_django_co; Type: FK CONSTRAINT; Schema: public; Owner: pepe
--

ALTER TABLE ONLY public.auth_permission
    ADD CONSTRAINT auth_permission_content_type_id_2f476e4b_fk_django_co FOREIGN KEY (content_type_id) REFERENCES public.django_content_type(id) DEFERRABLE INITIALLY DEFERRED;


--
-- Name: basket_temp_items basket_temp_product_id_bea23c03_fk_store_products_id; Type: FK CONSTRAINT; Schema: public; Owner: pepe
--

ALTER TABLE ONLY public.basket_temp_items
    ADD CONSTRAINT basket_temp_product_id_bea23c03_fk_store_products_id FOREIGN KEY (product_id) REFERENCES public.store_products(id) DEFERRABLE INITIALLY DEFERRED;


--
-- Name: basket_temp_items basket_temp_user_id_5f9bcb21_fk_users_user_id; Type: FK CONSTRAINT; Schema: public; Owner: pepe
--

ALTER TABLE ONLY public.basket_temp_items
    ADD CONSTRAINT basket_temp_user_id_5f9bcb21_fk_users_user_id FOREIGN KEY (user_id) REFERENCES public.users_user(id) DEFERRABLE INITIALLY DEFERRED;


--
-- Name: django_admin_log django_admin_log_content_type_id_c4bce8eb_fk_django_co; Type: FK CONSTRAINT; Schema: public; Owner: pepe
--

ALTER TABLE ONLY public.django_admin_log
    ADD CONSTRAINT django_admin_log_content_type_id_c4bce8eb_fk_django_co FOREIGN KEY (content_type_id) REFERENCES public.django_content_type(id) DEFERRABLE INITIALLY DEFERRED;


--
-- Name: django_admin_log django_admin_log_user_id_c564eba6_fk_users_user_id; Type: FK CONSTRAINT; Schema: public; Owner: pepe
--

ALTER TABLE ONLY public.django_admin_log
    ADD CONSTRAINT django_admin_log_user_id_c564eba6_fk_users_user_id FOREIGN KEY (user_id) REFERENCES public.users_user(id) DEFERRABLE INITIALLY DEFERRED;


--
-- Name: invoice_items invoice_items_invoice_id_96f0ca2d_fk_invoices_id; Type: FK CONSTRAINT; Schema: public; Owner: pepe
--

ALTER TABLE ONLY public.invoice_items
    ADD CONSTRAINT invoice_items_invoice_id_96f0ca2d_fk_invoices_id FOREIGN KEY (invoice_id) REFERENCES public.invoices(id) DEFERRABLE INITIALLY DEFERRED;


--
-- Name: invoice_items invoice_items_product_id_53181905_fk_store_products_id; Type: FK CONSTRAINT; Schema: public; Owner: pepe
--

ALTER TABLE ONLY public.invoice_items
    ADD CONSTRAINT invoice_items_product_id_53181905_fk_store_products_id FOREIGN KEY (product_id) REFERENCES public.store_products(id) DEFERRABLE INITIALLY DEFERRED;


--
-- Name: invoices invoices_fk_company_fda00389_fk_company_company_id; Type: FK CONSTRAINT; Schema: public; Owner: pepe
--

ALTER TABLE ONLY public.invoices
    ADD CONSTRAINT invoices_fk_company_fda00389_fk_company_company_id FOREIGN KEY (fk_company) REFERENCES public.company_company(id) DEFERRABLE INITIALLY DEFERRED;


--
-- Name: invoices invoices_fk_type_efdabfb4_fk_type_id; Type: FK CONSTRAINT; Schema: public; Owner: pepe
--

ALTER TABLE ONLY public.invoices
    ADD CONSTRAINT invoices_fk_type_efdabfb4_fk_type_id FOREIGN KEY (fk_type) REFERENCES public.type(id) DEFERRABLE INITIALLY DEFERRED;


--
-- Name: invoices invoices_fk_user_f1c7fe58_fk_users_user_id; Type: FK CONSTRAINT; Schema: public; Owner: pepe
--

ALTER TABLE ONLY public.invoices
    ADD CONSTRAINT invoices_fk_user_f1c7fe58_fk_users_user_id FOREIGN KEY (fk_user) REFERENCES public.users_user(id) DEFERRABLE INITIALLY DEFERRED;


--
-- Name: store_products store_products_fk_company_08e8c57a_fk_company_company_id; Type: FK CONSTRAINT; Schema: public; Owner: pepe
--

ALTER TABLE ONLY public.store_products
    ADD CONSTRAINT store_products_fk_company_08e8c57a_fk_company_company_id FOREIGN KEY (fk_company) REFERENCES public.company_company(id) DEFERRABLE INITIALLY DEFERRED;


--
-- Name: store_products store_products_fk_type_d6ec10ff_fk_type_id; Type: FK CONSTRAINT; Schema: public; Owner: pepe
--

ALTER TABLE ONLY public.store_products
    ADD CONSTRAINT store_products_fk_type_d6ec10ff_fk_type_id FOREIGN KEY (fk_type) REFERENCES public.type(id) DEFERRABLE INITIALLY DEFERRED;


--
-- Name: store_stockmovement store_stockmovement_product_id_8a5cdce0_fk_store_products_id; Type: FK CONSTRAINT; Schema: public; Owner: pepe
--

ALTER TABLE ONLY public.store_stockmovement
    ADD CONSTRAINT store_stockmovement_product_id_8a5cdce0_fk_store_products_id FOREIGN KEY (product_id) REFERENCES public.store_products(id) DEFERRABLE INITIALLY DEFERRED;


--
-- Name: store_stockmovement store_stockmovement_user_id_d290c243_fk_users_user_id; Type: FK CONSTRAINT; Schema: public; Owner: pepe
--

ALTER TABLE ONLY public.store_stockmovement
    ADD CONSTRAINT store_stockmovement_user_id_d290c243_fk_users_user_id FOREIGN KEY (user_id) REFERENCES public.users_user(id) DEFERRABLE INITIALLY DEFERRED;


--
-- Name: users_user users_user_company_id_14799323_fk_company_company_id; Type: FK CONSTRAINT; Schema: public; Owner: pepe
--

ALTER TABLE ONLY public.users_user
    ADD CONSTRAINT users_user_company_id_14799323_fk_company_company_id FOREIGN KEY (company_id) REFERENCES public.company_company(id) DEFERRABLE INITIALLY DEFERRED;


--
-- Name: users_user_groups users_user_groups_group_id_9afc8d0e_fk_auth_group_id; Type: FK CONSTRAINT; Schema: public; Owner: pepe
--

ALTER TABLE ONLY public.users_user_groups
    ADD CONSTRAINT users_user_groups_group_id_9afc8d0e_fk_auth_group_id FOREIGN KEY (group_id) REFERENCES public.auth_group(id) DEFERRABLE INITIALLY DEFERRED;


--
-- Name: users_user_groups users_user_groups_user_id_5f6f5a90_fk_users_user_id; Type: FK CONSTRAINT; Schema: public; Owner: pepe
--

ALTER TABLE ONLY public.users_user_groups
    ADD CONSTRAINT users_user_groups_user_id_5f6f5a90_fk_users_user_id FOREIGN KEY (user_id) REFERENCES public.users_user(id) DEFERRABLE INITIALLY DEFERRED;


--
-- Name: users_user_user_permissions users_user_user_perm_permission_id_0b93982e_fk_auth_perm; Type: FK CONSTRAINT; Schema: public; Owner: pepe
--

ALTER TABLE ONLY public.users_user_user_permissions
    ADD CONSTRAINT users_user_user_perm_permission_id_0b93982e_fk_auth_perm FOREIGN KEY (permission_id) REFERENCES public.auth_permission(id) DEFERRABLE INITIALLY DEFERRED;


--
-- Name: users_user_user_permissions users_user_user_permissions_user_id_20aca447_fk_users_user_id; Type: FK CONSTRAINT; Schema: public; Owner: pepe
--

ALTER TABLE ONLY public.users_user_user_permissions
    ADD CONSTRAINT users_user_user_permissions_user_id_20aca447_fk_users_user_id FOREIGN KEY (user_id) REFERENCES public.users_user(id) DEFERRABLE INITIALLY DEFERRED;


--
-- PostgreSQL database dump complete
--

